<Layer Type = "ActorFrame"><children>
	<Layer
		File="bg"
		OnCommand="%function(self)
			wwf_bg = self
			self:x(SCREEN_CENTER_X)
			self:y(SCREEN_CENTER_Y)
			self:zoomtowidth(SCREEN_WIDTH)
			self:zoomtoheight(SCREEN_HEIGHT)
		end"
	/>

	<Layer Type="Quad" OnCommand="stretchto,0,0,SCREEN_WIDTH,SCREEN_HEIGHT;diffuse, 0, 0, 0, 0.5;" />

	<Layer Type = "ActorProxy" Name = "PC[1]" />
	<Layer Type = "ActorProxy" Name = "PC[2]" />
	<Layer Type = "ActorProxy" Name = "PJ[1]" />
	<Layer Type = "ActorProxy" Name = "PJ[2]" />
	<Layer Type = "ActorProxy" Name = "PP[1]" />
	<Layer Type = "ActorProxy" Name = "PP[2]" />

	
	<Layer File="chara"/>

	<Layer
		Type="Quad"
		OnCommand="%function(self)
			wwf_fadeout = self
			self:x(SCREEN_CENTER_X)
			self:y(SCREEN_CENTER_Y)
			self:zoomtowidth(SCREEN_WIDTH)
			self:zoomtoheight(SCREEN_HEIGHT)
			self:diffuse(0, 0, 0, 0)
		end"
	/>

</children></Layer>
