<ActorFrame><children>

	<Layer Type="ActorFrame" Name="char_lemma" InitCommand="%function (self) self:bob();
	self:effectclock('music'); self:effectmagnitude(0,4,0); self:zoom(0); self:zoomx(1) end" HideQCommand="zoomy,0;zoomx,1;"
	HideCommand="bouncebegin,0.3;zoomy,0;zoomx,1;" SpawnCommand="bounceend,0.3;zoom,1;" SpawnQCommand="zoom,1;" > <children>
		
		<ActorFrame OnCommand="zoom,0.9" ><children>
		
		<0ActorFrame Type="ActorFrame"
			InitCommand="%function(self)
				lemma_squaretable = {}
			end"
			CastFXCommand="%function(self)
			
				for i=1,table.getn(lemma_squaretable) do
					local a = lemma_squaretable[i]
					
					a:finishtweening()
					a:blend('add')
					a:zoom(80)
					a:diffuse(1,1,1,0)
					
					--print(a)
					
					if i <= 48 then
						
						local xpos = (math.mod(i-1,16)-7.5) * 96
						local xadd = 40
						local delay = (i * .015) - (.09*math.floor((i-1)/16))
						if i > 16 and i < 33 then
							xpos = -xpos
							xadd = -xadd
							a:skewx(.3)
						else
							a:skewx(-.3)
						end
						a:x(xpos)
						a:y(96*math.floor((i-1)/16) - 96)
						
						a:sleep(delay)
						a:linear(.1*1.2)
						a:diffuse(1,1,1,.6)
						a:addx(xadd*(1/11))
						a:linear(.5*1.2)
						a:diffuse(0,1,.6,.3)
						a:addx(xadd*(5/11))
						a:linear(.5*1.2)
						a:diffuse(0,1,.6,0)
						a:addx(xadd*(5/11))
						
						--print(a, a:GetX(), a:GetY())
						
					end
					
				end
			end"
		><children>
			<Layer Type="Quad" OnCommand="diffusealpha,0;queuecommand,Make" MakeCommand="%function(self) table.insert(lemma_squaretable,self) end" />
			<Layer Type="Quad" OnCommand="diffusealpha,0;queuecommand,Make" MakeCommand="%function(self) table.insert(lemma_squaretable,self) end" />
			<Layer Type="Quad" OnCommand="diffusealpha,0;queuecommand,Make" MakeCommand="%function(self) table.insert(lemma_squaretable,self) end" />
			<Layer Type="Quad" OnCommand="diffusealpha,0;queuecommand,Make" MakeCommand="%function(self) table.insert(lemma_squaretable,self) end" />
			<Layer Type="Quad" OnCommand="diffusealpha,0;queuecommand,Make" MakeCommand="%function(self) table.insert(lemma_squaretable,self) end" />
			<Layer Type="Quad" OnCommand="diffusealpha,0;queuecommand,Make" MakeCommand="%function(self) table.insert(lemma_squaretable,self) end" />
			<Layer Type="Quad" OnCommand="diffusealpha,0;queuecommand,Make" MakeCommand="%function(self) table.insert(lemma_squaretable,self) end" />
			<Layer Type="Quad" OnCommand="diffusealpha,0;queuecommand,Make" MakeCommand="%function(self) table.insert(lemma_squaretable,self) end" />
			<Layer Type="Quad" OnCommand="diffusealpha,0;queuecommand,Make" MakeCommand="%function(self) table.insert(lemma_squaretable,self) end" />
			<Layer Type="Quad" OnCommand="diffusealpha,0;queuecommand,Make" MakeCommand="%function(self) table.insert(lemma_squaretable,self) end" />
			<Layer Type="Quad" OnCommand="diffusealpha,0;queuecommand,Make" MakeCommand="%function(self) table.insert(lemma_squaretable,self) end" />
			<Layer Type="Quad" OnCommand="diffusealpha,0;queuecommand,Make" MakeCommand="%function(self) table.insert(lemma_squaretable,self) end" />
			<Layer Type="Quad" OnCommand="diffusealpha,0;queuecommand,Make" MakeCommand="%function(self) table.insert(lemma_squaretable,self) end" />
			<Layer Type="Quad" OnCommand="diffusealpha,0;queuecommand,Make" MakeCommand="%function(self) table.insert(lemma_squaretable,self) end" />
			<Layer Type="Quad" OnCommand="diffusealpha,0;queuecommand,Make" MakeCommand="%function(self) table.insert(lemma_squaretable,self) end" />
			<Layer Type="Quad" OnCommand="diffusealpha,0;queuecommand,Make" MakeCommand="%function(self) table.insert(lemma_squaretable,self) end" />
			<Layer Type="Quad" OnCommand="diffusealpha,0;queuecommand,Make" MakeCommand="%function(self) table.insert(lemma_squaretable,self) end" />
			<Layer Type="Quad" OnCommand="diffusealpha,0;queuecommand,Make" MakeCommand="%function(self) table.insert(lemma_squaretable,self) end" />
			<Layer Type="Quad" OnCommand="diffusealpha,0;queuecommand,Make" MakeCommand="%function(self) table.insert(lemma_squaretable,self) end" />
			<Layer Type="Quad" OnCommand="diffusealpha,0;queuecommand,Make" MakeCommand="%function(self) table.insert(lemma_squaretable,self) end" />
			<Layer Type="Quad" OnCommand="diffusealpha,0;queuecommand,Make" MakeCommand="%function(self) table.insert(lemma_squaretable,self) end" />
			<Layer Type="Quad" OnCommand="diffusealpha,0;queuecommand,Make" MakeCommand="%function(self) table.insert(lemma_squaretable,self) end" />
			<Layer Type="Quad" OnCommand="diffusealpha,0;queuecommand,Make" MakeCommand="%function(self) table.insert(lemma_squaretable,self) end" />
			<Layer Type="Quad" OnCommand="diffusealpha,0;queuecommand,Make" MakeCommand="%function(self) table.insert(lemma_squaretable,self) end" />
			<Layer Type="Quad" OnCommand="diffusealpha,0;queuecommand,Make" MakeCommand="%function(self) table.insert(lemma_squaretable,self) end" />
			<Layer Type="Quad" OnCommand="diffusealpha,0;queuecommand,Make" MakeCommand="%function(self) table.insert(lemma_squaretable,self) end" />
			<Layer Type="Quad" OnCommand="diffusealpha,0;queuecommand,Make" MakeCommand="%function(self) table.insert(lemma_squaretable,self) end" />
			<Layer Type="Quad" OnCommand="diffusealpha,0;queuecommand,Make" MakeCommand="%function(self) table.insert(lemma_squaretable,self) end" />
			<Layer Type="Quad" OnCommand="diffusealpha,0;queuecommand,Make" MakeCommand="%function(self) table.insert(lemma_squaretable,self) end" />
			<Layer Type="Quad" OnCommand="diffusealpha,0;queuecommand,Make" MakeCommand="%function(self) table.insert(lemma_squaretable,self) end" />
			<Layer Type="Quad" OnCommand="diffusealpha,0;queuecommand,Make" MakeCommand="%function(self) table.insert(lemma_squaretable,self) end" />
			<Layer Type="Quad" OnCommand="diffusealpha,0;queuecommand,Make" MakeCommand="%function(self) table.insert(lemma_squaretable,self) end" />
			<Layer Type="Quad" OnCommand="diffusealpha,0;queuecommand,Make" MakeCommand="%function(self) table.insert(lemma_squaretable,self) end" />
			<Layer Type="Quad" OnCommand="diffusealpha,0;queuecommand,Make" MakeCommand="%function(self) table.insert(lemma_squaretable,self) end" />
			<Layer Type="Quad" OnCommand="diffusealpha,0;queuecommand,Make" MakeCommand="%function(self) table.insert(lemma_squaretable,self) end" />
			<Layer Type="Quad" OnCommand="diffusealpha,0;queuecommand,Make" MakeCommand="%function(self) table.insert(lemma_squaretable,self) end" />
			<Layer Type="Quad" OnCommand="diffusealpha,0;queuecommand,Make" MakeCommand="%function(self) table.insert(lemma_squaretable,self) end" />
			<Layer Type="Quad" OnCommand="diffusealpha,0;queuecommand,Make" MakeCommand="%function(self) table.insert(lemma_squaretable,self) end" />
			<Layer Type="Quad" OnCommand="diffusealpha,0;queuecommand,Make" MakeCommand="%function(self) table.insert(lemma_squaretable,self) end" />
			<Layer Type="Quad" OnCommand="diffusealpha,0;queuecommand,Make" MakeCommand="%function(self) table.insert(lemma_squaretable,self) end" />
			<Layer Type="Quad" OnCommand="diffusealpha,0;queuecommand,Make" MakeCommand="%function(self) table.insert(lemma_squaretable,self) end" />
			<Layer Type="Quad" OnCommand="diffusealpha,0;queuecommand,Make" MakeCommand="%function(self) table.insert(lemma_squaretable,self) end" />
			<Layer Type="Quad" OnCommand="diffusealpha,0;queuecommand,Make" MakeCommand="%function(self) table.insert(lemma_squaretable,self) end" />
			<Layer Type="Quad" OnCommand="diffusealpha,0;queuecommand,Make" MakeCommand="%function(self) table.insert(lemma_squaretable,self) end" />
			<Layer Type="Quad" OnCommand="diffusealpha,0;queuecommand,Make" MakeCommand="%function(self) table.insert(lemma_squaretable,self) end" />
			<Layer Type="Quad" OnCommand="diffusealpha,0;queuecommand,Make" MakeCommand="%function(self) table.insert(lemma_squaretable,self) end" />
			<Layer Type="Quad" OnCommand="diffusealpha,0;queuecommand,Make" MakeCommand="%function(self) table.insert(lemma_squaretable,self) end" />
			<Layer Type="Quad" OnCommand="diffusealpha,0;queuecommand,Make" MakeCommand="%function(self) table.insert(lemma_squaretable,self) end" />
			<Layer Type="Quad" OnCommand="diffusealpha,0;queuecommand,Make" MakeCommand="%function(self) table.insert(lemma_squaretable,self) end" />
			<Layer Type="Quad" OnCommand="diffusealpha,0;queuecommand,Make" MakeCommand="%function(self) table.insert(lemma_squaretable,self) end" />
			<Layer Type="Quad" OnCommand="diffusealpha,0;queuecommand,Make" MakeCommand="%function(self) table.insert(lemma_squaretable,self) end" />
			<Layer Type="Quad" OnCommand="diffusealpha,0;queuecommand,Make" MakeCommand="%function(self) table.insert(lemma_squaretable,self) end" />
			<Layer Type="Quad" OnCommand="diffusealpha,0;queuecommand,Make" MakeCommand="%function(self) table.insert(lemma_squaretable,self) end" />
			<Layer Type="Quad" OnCommand="diffusealpha,0;queuecommand,Make" MakeCommand="%function(self) table.insert(lemma_squaretable,self) end" />
			<Layer Type="Quad" OnCommand="diffusealpha,0;queuecommand,Make" MakeCommand="%function(self) table.insert(lemma_squaretable,self) end" />
			<Layer Type="Quad" OnCommand="diffusealpha,0;queuecommand,Make" MakeCommand="%function(self) table.insert(lemma_squaretable,self) end" />
			<Layer Type="Quad" OnCommand="diffusealpha,0;queuecommand,Make" MakeCommand="%function(self) table.insert(lemma_squaretable,self) end" />
			<Layer Type="Quad" OnCommand="diffusealpha,0;queuecommand,Make" MakeCommand="%function(self) table.insert(lemma_squaretable,self) end" />
			<Layer Type="Quad" OnCommand="diffusealpha,0;queuecommand,Make" MakeCommand="%function(self) table.insert(lemma_squaretable,self) end" />
			<Layer Type="Quad" OnCommand="diffusealpha,0;queuecommand,Make" MakeCommand="%function(self) table.insert(lemma_squaretable,self) end" />
			<Layer Type="Quad" OnCommand="diffusealpha,0;queuecommand,Make" MakeCommand="%function(self) table.insert(lemma_squaretable,self) end" />
			<Layer Type="Quad" OnCommand="diffusealpha,0;queuecommand,Make" MakeCommand="%function(self) table.insert(lemma_squaretable,self) end" />
			<Layer Type="Quad" OnCommand="diffusealpha,0;queuecommand,Make" MakeCommand="%function(self) table.insert(lemma_squaretable,self) end" />
			<Layer Type="Quad" OnCommand="diffusealpha,0;queuecommand,Make" MakeCommand="%function(self) table.insert(lemma_squaretable,self) end" />
		</children></0ActorFrame>
		
		<Actor
			File="lemma/idle.sprite"
			OnCommand="diffusealpha,1"
			IdleCommand="diffusealpha,1;setstate,0"
			CastCommand="diffusealpha,0"
			WinCommand="diffusealpha,0"
		/>
		
		<Actor
			File="lemma/cast.sprite"
			OnCommand="diffusealpha,0"
			IdleCommand="diffusealpha,0"
			CastCommand="diffusealpha,1;setstate,0"
			WinCommand="diffusealpha,0"
		/>
		
		<Actor
			File="lemma/win.sprite"
			OnCommand="diffusealpha,0;"
			IdleCommand="diffusealpha,0"
			CastCommand="diffusealpha,0"
			WinCommand="diffusealpha,1;setstate,0"
		/>
		
		<Actor
			File="lemma/face1.sprite"
			OnCommand="diffusealpha,1;xy,-1,83-256"
			IdleCommand="diffusealpha,1;setstate,0"
			CastCommand="diffusealpha,0"
			WinCommand="diffusealpha,0"
		/>
		
		<Actor
			File="lemma/winkstar"
			OnCommand="zoomy,0;basezoomx,.7;basezoomy,.7;"
			WinCommand="stoptweening;zoomy,0;zoomx,1;x,90;y,-220;diffusealpha,1;sleep,.2;bounceend,.2;zoomy,1;linear,1;diffusealpha,0;addy,-30;addx,15;zoom,.4;"
		/>
		
		<!--Layer Type="ActorFrame" OnCommand="zoom,2.5;spin;effectmagnitude,0,0,90;"><children>
			<Layer File="casting"
			OnCommand="blend,add;diffuse,0,1,.6,0;basezoomx,.9;basezoomy,.9"
			CastCommand="%function (self)
				self:zoom(.9);
				self:linear(0.8);
				self:zoom(0.8);
				self:diffusealpha(1);
				self:linear(1);
				self:zoom(0.7);
				self:linear(0.8);
				self:diffusealpha(0);
				self:zoom(0.6);
			end" />
		</children> </Layer-->
		
		<0Layer Type="ActorFrame" CastFXCommand="%function(self) self:playcommand('Inner'); chara_drand = math.random(0,360);
		chara_dspd = (math.random(0,600)/100)-3; self:playcommand('Turn') end"
		TurnCommand="rotationz,chara_drand;
		linear,0.1;rotationz,chara_drand+(60*chara_dspd);
		linear,0.1;rotationz,chara_drand+(110*chara_dspd);
		linear,0.1;rotationz,chara_drand+(150*chara_dspd);
		linear,0.1;rotationz,chara_drand+(180*chara_dspd);
		linear,0.2;rotationz,chara_drand+(200*chara_dspd);
		linear,1.0;rotationz,chara_drand+(350*chara_dspd);
		linear,0.2;rotationz,chara_drand+(370*chara_dspd);
		linear,0.2;rotationz,chara_drand+(400*chara_dspd);
		linear,0.2;rotationz,chara_drand+(440*chara_dspd);
		linear,0.2;rotationz,chara_drand+(490*chara_dspd);
		linear,0.2;rotationz,chara_drand+(550*chara_dspd);"
		><children>
		<Layer File="triangle"
		OnCommand="vertalign,top;blend,add;diffusealpha,0;fadetop,0.2;fadebottom,0.2;
		diffuseblink;effectcolor1,0,1,.6,0.3;effectcolor2,0,1,.6,1;effectperiod,0.066"
		InnerCommand="zoom,1;diffusealpha,0;linear,0.5;diffusealpha,1;zoomy,5;zoomx,3;linear,1.5;
		zoomy,8;zoomx,3;linear,0.6;zoomy,20;zoomx,0;sleep,0;diffusealpha,0;"
		/>
		</children> </0Layer>
		<0Layer Type="ActorFrame" CastFXCommand="%function(self) self:playcommand('Inner'); chara_drand = math.random(0,360);
		chara_dspd = (math.random(0,600)/100)-3; self:playcommand('Turn') end"
		TurnCommand="rotationz,chara_drand;
		linear,0.1;rotationz,chara_drand+(60*chara_dspd);
		linear,0.1;rotationz,chara_drand+(110*chara_dspd);
		linear,0.1;rotationz,chara_drand+(150*chara_dspd);
		linear,0.1;rotationz,chara_drand+(180*chara_dspd);
		linear,0.2;rotationz,chara_drand+(200*chara_dspd);
		linear,1.0;rotationz,chara_drand+(350*chara_dspd);
		linear,0.2;rotationz,chara_drand+(370*chara_dspd);
		linear,0.2;rotationz,chara_drand+(400*chara_dspd);
		linear,0.2;rotationz,chara_drand+(440*chara_dspd);
		linear,0.2;rotationz,chara_drand+(490*chara_dspd);
		linear,0.2;rotationz,chara_drand+(550*chara_dspd);"
		><children>
		<Layer File="triangle"
		OnCommand="vertalign,top;blend,add;diffusealpha,0;fadetop,0.2;fadebottom,0.2;
		diffuseblink;effectcolor1,0,1,.6,0.3;effectcolor2,0,1,.6,1;effectperiod,0.066"
		InnerCommand="zoom,1;diffusealpha,0;linear,0.5;diffusealpha,1;zoomy,5;zoomx,3;linear,1.5;
		zoomy,8;zoomx,3;linear,0.6;zoomy,20;zoomx,0;sleep,0;diffusealpha,0;"
		/>
		</children> </0Layer>
		<0Layer Type="ActorFrame" CastFXCommand="%function(self) self:playcommand('Inner'); chara_drand = math.random(0,360);
		chara_dspd = (math.random(0,600)/100)-3; self:playcommand('Turn') end"
		TurnCommand="rotationz,chara_drand;
		linear,0.1;rotationz,chara_drand+(60*chara_dspd);
		linear,0.1;rotationz,chara_drand+(110*chara_dspd);
		linear,0.1;rotationz,chara_drand+(150*chara_dspd);
		linear,0.1;rotationz,chara_drand+(180*chara_dspd);
		linear,0.2;rotationz,chara_drand+(200*chara_dspd);
		linear,1.0;rotationz,chara_drand+(350*chara_dspd);
		linear,0.2;rotationz,chara_drand+(370*chara_dspd);
		linear,0.2;rotationz,chara_drand+(400*chara_dspd);
		linear,0.2;rotationz,chara_drand+(440*chara_dspd);
		linear,0.2;rotationz,chara_drand+(490*chara_dspd);
		linear,0.2;rotationz,chara_drand+(550*chara_dspd);"
		><children>
		<Layer File="triangle"
		OnCommand="vertalign,top;blend,add;diffusealpha,0;fadetop,0.2;fadebottom,0.2;
		diffuseblink;effectcolor1,0,1,.6,0.3;effectcolor2,0,1,.6,1;effectperiod,0.066"
		InnerCommand="zoom,1;diffusealpha,0;linear,0.5;diffusealpha,1;zoomy,5;zoomx,3;linear,1.5;
		zoomy,8;zoomx,3;linear,0.6;zoomy,20;zoomx,0;sleep,0;diffusealpha,0;"
		/>
		</children> </0Layer>
		<0Layer Type="ActorFrame" CastFXCommand="%function(self) self:playcommand('Inner'); chara_drand = math.random(0,360);
		chara_dspd = (math.random(0,600)/100)-3; self:playcommand('Turn') end"
		TurnCommand="rotationz,chara_drand;
		linear,0.1;rotationz,chara_drand+(60*chara_dspd);
		linear,0.1;rotationz,chara_drand+(110*chara_dspd);
		linear,0.1;rotationz,chara_drand+(150*chara_dspd);
		linear,0.1;rotationz,chara_drand+(180*chara_dspd);
		linear,0.2;rotationz,chara_drand+(200*chara_dspd);
		linear,1.0;rotationz,chara_drand+(350*chara_dspd);
		linear,0.2;rotationz,chara_drand+(370*chara_dspd);
		linear,0.2;rotationz,chara_drand+(400*chara_dspd);
		linear,0.2;rotationz,chara_drand+(440*chara_dspd);
		linear,0.2;rotationz,chara_drand+(490*chara_dspd);
		linear,0.2;rotationz,chara_drand+(550*chara_dspd);"
		><children>
		<Layer File="triangle"
		OnCommand="vertalign,top;blend,add;diffusealpha,0;fadetop,0.2;fadebottom,0.2;
		diffuseblink;effectcolor1,0,1,.6,0.3;effectcolor2,0,1,.6,1;effectperiod,0.066"
		InnerCommand="zoom,1;diffusealpha,0;linear,0.5;diffusealpha,1;zoomy,5;zoomx,3;linear,1.5;
		zoomy,8;zoomx,3;linear,0.6;zoomy,20;zoomx,0;sleep,0;diffusealpha,0;"
		/>
		</children> </0Layer>
		
		</children> </ActorFrame>
		
	</children>	</Layer>
	
	
	
	
	
	
	
	
	
	
	
</children></ActorFrame>